Bins,Counts
7.94237035814,20
12.9111393365,116
17.8799083149,346
22.8486772932,774
27.8174462716,1271
32.78621525,1428
37.7549842283,1403
42.7237532067,1257
47.6925221851,1096
52.6612911634,767
57.6300601418,530
62.5988291202,353
67.5675980985,253
72.5363670769,146
77.5051360553,105
82.4739050336,56
87.442674012,37
92.4114429904,15
97.3802119687,15
102.348980947,4
107.317749925,3
112.286518904,2
117.255287882,1
122.224056861,0
127.192825839,2
