Bins,Counts
7.45842490842,36
19.1788485637,341
30.899272219,921
42.6196958743,1473
54.3401195296,1697
66.0605431849,1664
77.7809668402,1294
89.5013904955,875
101.221814151,580
112.942237806,408
124.662661461,234
136.383085117,165
148.103508772,103
159.823932427,80
171.544356083,42
183.264779738,22
194.985203393,17
206.705627048,16
218.426050704,13
230.146474359,7
241.866898014,5
253.58732167,2
265.307745325,2
277.02816898,1
288.748592635,2
