Bins,Counts
14.3505783174,40
24.0641889843,134
33.7777996512,186
43.4914103181,191
53.205020985,150
62.9186316519,105
72.6322423187,78
82.3458529856,38
92.0594636525,19
101.773074319,15
111.486684986,8
121.200295653,8
130.91390632,2
140.627516987,6
150.341127654,3
160.054738321,6
169.768348988,4
179.481959655,2
189.195570321,1
198.909180988,1
208.622791655,1
218.336402322,0
228.050012989,1
237.763623656,0
247.477234323,1
